{"cameraMode":{"drawMode":0,"name":"Shaded","section":"Shading Mode"},"sceneLighting":false,"audioPlay":false,"sceneViewState":{"showFog":true,"showMaterialUpdate":false,"showSkybox":false,"showFlares":true,"showImageEffects":true,"showParticleSystems":true,"showVisualEffectGraphs":true,"m_FxEnabled":true},"in2DMode":false,"pivot":{"x":-0.30111053586006167,"y":1.2711045742034913,"z":13.83069133758545},"rotation":{"x":0.011992368847131729,"y":-0.0383865088224411,"z":0.00044137935037724674,"w":0.999237060546875},"size":2.8095622062683107,"orthographic":false}