{"cameraMode":{"drawMode":0,"name":"Shaded","section":"Shading Mode"},"sceneLighting":false,"audioPlay":false,"sceneViewState":{"showFog":true,"showMaterialUpdate":false,"showSkybox":false,"showFlares":true,"showImageEffects":true,"showParticleSystems":true,"showVisualEffectGraphs":true,"m_FxEnabled":true},"in2DMode":false,"pivot":{"x":3.455728054046631,"y":1.429182529449463,"z":6.40548849105835},"rotation":{"x":0.008983366191387177,"y":-0.06385376304388046,"z":0.0005554214003495872,"w":0.9979648590087891},"size":2.7986021041870119,"orthographic":false}