{"cameraMode":{"drawMode":0,"name":"Shaded","section":"Shading Mode"},"sceneLighting":false,"audioPlay":false,"sceneViewState":{"showFog":true,"showMaterialUpdate":false,"showSkybox":false,"showFlares":true,"showImageEffects":true,"showParticleSystems":true,"showVisualEffectGraphs":true,"m_FxEnabled":true},"in2DMode":false,"pivot":{"x":15.661104202270508,"y":29.663299560546876,"z":-136.50930786132813},"rotation":{"x":0.0033262784127146007,"y":-0.9962164759635925,"z":-0.07485657185316086,"w":-0.04426490142941475},"size":83.01490020751953,"orthographic":false}