{"cameraMode":{"drawMode":0,"name":"Shaded","section":"Shading Mode"},"sceneLighting":false,"audioPlay":false,"sceneViewState":{"showFog":true,"showMaterialUpdate":false,"showSkybox":false,"showFlares":true,"showImageEffects":true,"showParticleSystems":true,"showVisualEffectGraphs":true,"m_FxEnabled":true},"in2DMode":false,"pivot":{"x":-1.5311416387557984,"y":3.6196656227111818,"z":7.365588188171387},"rotation":{"x":0.45724809169769289,"y":-0.0013339961878955365,"z":0.0006858705310150981,"w":0.8893393874168396},"size":8.28060245513916,"orthographic":true}