{"cameraMode":{"drawMode":0,"name":"Shaded","section":"Shading Mode"},"sceneLighting":false,"audioPlay":false,"sceneViewState":{"showFog":true,"showMaterialUpdate":false,"showSkybox":false,"showFlares":true,"showImageEffects":true,"showParticleSystems":true,"showVisualEffectGraphs":true,"m_FxEnabled":true},"in2DMode":false,"pivot":{"x":0.9174285531044006,"y":1.2960089445114136,"z":14.00458812713623},"rotation":{"x":0.034432459622621539,"y":0.05932806804776192,"z":-0.0020477715879678728,"w":0.9976447820663452},"size":2.8095622062683107,"orthographic":false}