{"cameraMode":{"drawMode":0,"name":"Shaded","section":"Shading Mode"},"sceneLighting":false,"audioPlay":false,"sceneViewState":{"showFog":true,"showMaterialUpdate":false,"showSkybox":false,"showFlares":true,"showImageEffects":true,"showParticleSystems":true,"showVisualEffectGraphs":true,"m_FxEnabled":true},"in2DMode":false,"pivot":{"x":-1.3374817371368409,"y":1.4508740901947022,"z":11.792501449584961},"rotation":{"x":0.008988235145807267,"y":0.05008241906762123,"z":-0.00047011225251480937,"w":0.9987504482269287},"size":3.4332382678985597,"orthographic":false}