{"cameraMode":{"drawMode":0,"name":"Shaded","section":"Shading Mode"},"sceneLighting":false,"audioPlay":false,"sceneViewState":{"showFog":true,"showMaterialUpdate":false,"showSkybox":false,"showFlares":true,"showImageEffects":true,"showParticleSystems":true,"showVisualEffectGraphs":true,"m_FxEnabled":true},"in2DMode":false,"pivot":{"x":1.57418954372406,"y":0.9089720845222473,"z":11.644613265991211},"rotation":{"x":-0.020942065864801408,"y":-0.07281912118196488,"z":-0.0015484493924304844,"w":0.9971705675125122},"size":2.802521228790283,"orthographic":false}