{"cameraMode":{"drawMode":0,"name":"Shaded","section":"Shading Mode"},"sceneLighting":false,"audioPlay":false,"sceneViewState":{"showFog":true,"showMaterialUpdate":false,"showSkybox":false,"showFlares":true,"showImageEffects":true,"showParticleSystems":true,"showVisualEffectGraphs":true,"m_FxEnabled":true},"in2DMode":false,"pivot":{"x":1.7193690538406373,"y":0.46970027685165408,"z":14.254598617553711},"rotation":{"x":0.0015000068815425039,"y":-0.035391099750995639,"z":0.00003421719156904146,"w":0.9994204044342041},"size":4.02009391784668,"orthographic":false}