{"cameraMode":{"drawMode":0,"name":"Shaded","section":"Shading Mode"},"sceneLighting":false,"audioPlay":false,"sceneViewState":{"showFog":true,"showMaterialUpdate":false,"showSkybox":false,"showFlares":true,"showImageEffects":true,"showParticleSystems":true,"showVisualEffectGraphs":true,"m_FxEnabled":true},"in2DMode":false,"pivot":{"x":-1.0010967254638672,"y":2.0959997177124025,"z":1.9885408878326417},"rotation":{"x":-0.0042543127201497559,"y":0.9939767718315125,"z":-0.10173945873975754,"w":-0.04176526516675949},"size":3.4576804637908937,"orthographic":false}