{"cameraMode":{"drawMode":0,"name":"Shaded","section":"Shading Mode"},"sceneLighting":false,"audioPlay":false,"sceneViewState":{"showFog":true,"showMaterialUpdate":false,"showSkybox":false,"showFlares":true,"showImageEffects":true,"showParticleSystems":true,"showVisualEffectGraphs":true,"m_FxEnabled":true},"in2DMode":false,"pivot":{"x":0.3908770680427551,"y":-4.09388542175293,"z":1.6843268871307374},"rotation":{"x":0.4585486948490143,"y":-0.010663574561476708,"z":0.005502850748598576,"w":0.8885889053344727},"size":4.4507598876953129,"orthographic":false}