{"cameraMode":{"drawMode":0,"name":"Shaded","section":"Shading Mode"},"sceneLighting":false,"audioPlay":false,"sceneViewState":{"showFog":true,"showMaterialUpdate":false,"showSkybox":false,"showFlares":true,"showImageEffects":true,"showParticleSystems":true,"showVisualEffectGraphs":true,"m_FxEnabled":true},"in2DMode":false,"pivot":{"x":-4.800297737121582,"y":1.7579413652420045,"z":11.976577758789063},"rotation":{"x":-0.011825976893305779,"y":-0.1680903285741806,"z":-0.0020366674289107324,"w":0.9857454299926758},"size":3.4332382678985597,"orthographic":false}