{"cameraMode":{"drawMode":0,"name":"Shaded","section":"Shading Mode"},"sceneLighting":false,"audioPlay":false,"sceneViewState":{"showFog":true,"showMaterialUpdate":false,"showSkybox":false,"showFlares":true,"showImageEffects":true,"showParticleSystems":true,"showVisualEffectGraphs":true,"m_FxEnabled":true},"in2DMode":false,"pivot":{"x":5.847853660583496,"y":0.4415895938873291,"z":-1.4856765270233155},"rotation":{"x":0.10125714540481568,"y":0.8987399935722351,"z":-0.29972711205482485,"w":0.30362606048583987},"size":3.0801753997802736,"orthographic":false}