{"cameraMode":{"drawMode":0,"name":"Shaded","section":"Shading Mode"},"sceneLighting":true,"audioPlay":false,"sceneViewState":{"showFog":true,"showMaterialUpdate":false,"showSkybox":true,"showFlares":true,"showImageEffects":true,"showParticleSystems":true},"in2DMode":false,"pivot":{"x":0.1120000034570694,"y":0.2919999957084656,"z":-0.4350000023841858},"rotation":{"x":0.06713999062776566,"y":-0.2278413027524948,"z":0.015690384432673456,"w":0.9713134765625},"size":0.2521170675754547,"orthographic":false}