{"cameraMode":{"drawMode":0,"name":"Shaded","section":"Shading Mode"},"sceneLighting":false,"audioPlay":false,"sceneViewState":{"showFog":true,"showMaterialUpdate":false,"showSkybox":false,"showFlares":true,"showImageEffects":true,"showParticleSystems":true,"showVisualEffectGraphs":true,"m_FxEnabled":true},"in2DMode":false,"pivot":{"x":0.3122525215148926,"y":4.062820911407471,"z":10.44260311126709},"rotation":{"x":0.018401261419057847,"y":0.7004870176315308,"z":-0.7132105231285095,"w":0.018074864521622659},"size":11.442527770996094,"orthographic":true}