{"cameraMode":{"drawMode":0,"name":"Shaded","section":"Shading Mode"},"sceneLighting":false,"audioPlay":false,"sceneViewState":{"showFog":true,"showMaterialUpdate":false,"showSkybox":false,"showFlares":true,"showImageEffects":true,"showParticleSystems":true,"showVisualEffectGraphs":true,"m_FxEnabled":true},"in2DMode":false,"pivot":{"x":-3.868185043334961,"y":10.042423248291016,"z":7.426542282104492},"rotation":{"x":0.7032700181007385,"y":-0.004054834134876728,"z":0.0040113599970936779,"w":0.7109028697013855},"size":11.425019264221192,"orthographic":true}